v01_agent_class,v02_delivery_complexity,v03_acquisition_difficulty,v04_weaponization_level,v05_actor_type,v06_suicide_operation,v07_team_coordination,v08_claimed_responsibility,v09_coordinated_attack,v10_target_selectivity,v11_operational_complexity,v12_civilian_targeting,v13_conflict_zone,v14_region_instability,v15_campaign_attacks,v16_group_sophistication,v17_training_evidence,v18_international_links,v19_state_sponsorship,v20_cross_border,v21_ideological_motivation,v22_mass_casualty_intent,v23_propaganda_intent,v24_wmd_signaling,lethality,year
0,0,0,0,2,0,1,0,0,0,1,1,0,0,0,0,0,0,0,0,0,0,0,0,0,1970
0,0,0,0,2,0,1,0,0,0,1,0,0,0,0,0,0,0,0,0,0,0,0,0,0,1970
0,0,0,0,2,0,1,0,0,0,1,0,0,0,0,0,0,0,0,0,0,0,0,0,0,1970
0,0,0,0,2,0,1,0,0,0,1,0,0,0,0,0,0,0,0,0,0,0,0,0,0,1971
0,0,0,0,1,0,0,0,0,0,0,0,0,0,0,0,0,1,0,1,1,0,0,0,0,1973
0,0,0,0,1,0,0,0,0,0,0,0,0,0,0,0,0,1,0,1,1,0,0,0,0,1973
0,0,0,0,2,0,1,0,0,0,1,0,0,0,0,0,0,0,0,0,1,0,0,0,1,1973
0,0,0,0,2,0,1,0,0,0,1,0,0,0,0,0,0,0,0,0,0,0,0,0,0,1973
0,0,0,0,2,0,1,0,1,0,2,0,0,0,0,0,0,0,0,0,0,0,0,0,0,1974
0,0,0,0,2,0,1,0,1,0,2,0,0,0,0,0,0,0,0,0,0,0,0,0,0,1974
0,0,0,0,2,0,1,0,1,0,2,0,0,0,0,0,0,0,0,0,0,0,0,0,0,1974
0,0,0,0,2,0,1,0,1,0,2,0,0,0,0,0,0,0,0,0,0,0,0,0,0,1974
0,0,0,0,2,0,1,0,0,0,1,0,0,0,0,0,0,0,0,0,0,0,0,0,0,1975
0,0,0,0,2,0,1,0,0,0,1,0,0,0,0,0,0,0,0,0,0,0,0,0,0,1975
0,0,0,0,2,0,1,0,0,0,1,0,0,0,0,0,0,0,0,0,0,0,0,0,0,1975
0,0,0,0,2,0,1,0,0,2,1,0,0,0,0,0,0,0,0,0,0,0,0,0,0,1976
0,0,0,0,2,0,1,0,0,0,1,0,0,0,0,0,0,0,0,0,0,0,0,0,0,1976
0,0,0,0,0,0,0,0,0,0,0,1,0,0,0,0,0,0,0,0,0,0,0,0,0,1976
0,0,0,0,1,0,0,1,0,0,0,0,0,0,0,0,0,0,0,0,0,0,0,0,0,1977
0,0,0,0,2,0,1,0,0,2,1,0,0,1,0,0,0,0,0,0,0,0,0,0,1,1977
0,0,0,0,3,0,1,0,0,2,1,0,0,0,0,2,1,1,1,1,1,0,0,0,0,1978
0,0,0,0,3,0,1,0,0,2,1,0,0,0,0,2,1,1,1,1,1,0,0,0,0,1978
0,0,0,0,3,0,1,0,0,2,1,0,0,0,0,2,1,1,1,1,1,0,0,0,0,1978
0,0,0,0,3,0,1,0,0,2,1,0,0,0,0,2,1,1,1,1,1,0,0,0,0,1978
0,0,0,0,3,0,1,0,0,2,1,0,0,0,0,2,1,1,1,1,1,0,0,0,0,1978
0,0,0,0,2,0,1,0,0,0,1,0,0,0,0,0,0,0,0,0,0,0,0,0,0,1978
0,0,0,0,3,0,1,0,0,2,1,0,0,0,0,2,1,1,1,1,1,0,0,0,0,1978
0,0,0,0,3,0,1,0,0,0,1,0,0,0,0,2,1,1,1,1,1,0,0,0,0,1978
0,0,0,0,3,0,1,0,0,2,1,0,0,0,0,2,1,1,1,1,1,0,0,0,0,1978
0,0,0,0,2,0,1,0,0,0,1,1,0,0,0,0,0,0,0,0,0,0,0,0,0,1979
0,0,0,0,2,0,1,0,0,0,1,0,0,0,0,0,0,0,0,0,0,0,0,0,0,1979
0,0,0,0,2,0,1,0,0,0,1,0,0,1,0,0,0,0,0,0,0,0,0,0,0,1979
0,0,0,0,2,0,1,0,0,0,1,0,0,0,0,0,0,0,0,0,0,0,0,0,1,1979
0,0,0,0,2,0,1,0,0,0,1,1,0,0,0,0,0,0,0,0,0,0,0,0,0,1980
0,0,0,0,2,0,1,0,0,0,1,0,0,0,0,0,0,0,0,0,0,0,0,0,0,1980
0,0,0,0,2,0,1,0,0,0,1,0,0,0,0,0,0,0,0,0,0,0,0,0,0,1984
0,0,0,0,2,0,1,0,0,0,1,0,0,0,0,0,0,0,0,0,0,0,0,0,1,1984
0,0,0,0,1,0,0,0,0,2,0,1,0,0,0,0,0,1,0,0,1,0,0,0,0,1984
0,0,0,0,2,0,1,0,0,0,1,0,0,0,0,0,0,0,0,0,0,0,0,0,0,1984
0,0,0,0,2,0,1,0,0,2,1,0,0,0,0,0,0,1,0,1,0,0,0,0,0,1985
0,0,0,0,2,0,1,0,0,2,1,0,0,1,0,0,0,1,0,1,1,0,0,0,0,1985
0,0,0,0,2,0,1,0,0,2,1,0,0,1,0,0,0,1,0,0,1,0,0,0,0,1986
0,0,0,0,2,0,1,0,0,0,1,0,0,0,0,0,0,0,0,0,0,0,0,0,0,1986
0,0,0,0,2,0,1,0,0,2,1,1,1,1,0,0,0,0,0,0,0,0,0,0,0,1987
0,0,0,0,2,0,1,0,0,0,1,0,0,0,0,0,0,0,0,0,0,1,0,0,1,1987
0,0,0,0,2,0,1,0,0,0,1,0,0,0,0,0,0,0,0,0,0,0,0,0,0,1987
0,0,0,0,0,0,0,1,0,0,0,0,0,0,0,0,0,0,0,0,0,0,0,0,0,1988
0,0,0,0,2,0,1,0,0,0,1,0,0,0,0,0,0,0,0,0,0,0,0,0,0,1988
0,0,0,0,2,0,1,0,0,0,1,0,0,0,0,0,0,0,0,0,0,0,0,0,0,1988
0,0,0,0,2,0,1,0,0,2,1,1,0,0,0,0,0,0,0,0,0,0,0,0,0,1989
0,0,0,0,2,0,1,0,0,0,1,0,0,1,0,0,0,1,0,1,0,0,0,0,0,1989
0,0,0,0,2,0,1,0,0,0,1,0,1,1,0,0,0,0,0,0,0,0,0,0,1,1989
0,0,0,0,2,0,1,0,0,0,1,0,0,1,0,0,0,0,0,0,0,0,0,0,0,1989
0,0,0,0,2,0,1,0,0,0,1,0,0,1,0,0,0,0,0,0,0,0,0,0,0,1990
0,0,0,0,2,0,1,0,0,0,1,0,0,1,0,0,0,0,0,0,0,0,0,0,0,1990
0,0,0,0,2,0,1,0,0,2,1,0,0,1,0,0,0,0,0,0,1,1,0,0,1,1990
0,0,0,0,2,0,1,0,0,0,1,1,0,0,0,0,0,0,0,0,0,0,0,0,1,1991
0,0,0,0,2,0,1,0,0,0,1,0,0,1,0,0,0,0,0,0,0,0,0,0,0,1991
0,0,0,0,2,0,1,0,0,0,1,0,0,1,0,0,0,0,0,0,0,0,0,0,0,1991
0,0,0,0,2,0,1,0,0,0,1,0,0,0,0,0,0,1,0,1,0,0,0,0,0,1991
0,0,0,0,2,0,1,0,0,0,1,0,0,1,0,0,0,0,0,0,0,0,0,0,0,1992
0,0,0,0,2,0,1,0,0,0,1,0,0,1,0,0,0,0,0,0,0,0,0,0,0,1992
0,0,0,0,2,0,1,0,0,0,1,0,0,1,0,0,0,0,0,0,0,0,0,0,1,1992
0,0,0,0,2,0,1,0,0,2,1,0,1,1,0,0,0,0,0,0,0,0,0,0,0,1992
0,0,0,0,2,0,1,0,0,2,1,0,0,0,0,0,0,0,0,0,0,0,0,0,0,1992
0,0,0,0,2,0,1,0,0,2,1,0,0,1,0,0,0,0,0,0,1,0,0,0,0,1992
0,0,0,0,2,0,1,0,0,2,1,0,0,1,0,0,0,0,0,0,0,1,0,0,1,1994
0,0,0,0,2,0,1,0,0,2,1,1,0,1,0,0,0,0,0,0,0,0,0,0,1,1994
0,0,0,0,2,0,1,0,0,0,1,0,0,0,0,0,0,0,0,0,0,0,0,0,0,1994
0,0,0,0,2,0,1,0,0,0,1,0,0,0,0,0,0,1,0,0,1,0,0,0,0,1994
0,0,0,0,2,0,1,0,0,0,1,1,0,0,0,0,0,0,0,0,0,1,0,0,1,1994
0,0,0,0,1,0,0,0,0,0,0,0,0,0,0,0,0,0,0,0,0,0,0,0,1,1994
0,0,0,0,2,0,1,0,0,0,1,0,0,1,0,0,0,0,0,0,0,0,0,0,1,1994
0,0,0,0,2,0,1,0,0,0,1,0,0,1,0,0,0,0,0,0,0,0,0,0,1,1995
0,0,0,0,2,0,1,0,0,0,1,1,0,0,0,0,0,0,0,0,0,0,0,0,1,1995
0,0,0,0,2,0,1,0,0,0,1,0,0,0,0,0,0,0,0,0,0,1,0,0,1,1995
0,0,0,0,0,0,0,0,0,0,0,0,0,0,0,0,0,0,0,0,0,1,0,0,0,1995
0,0,0,0,2,0,1,0,0,0,1,0,0,0,0,0,0,0,0,0,0,0,0,0,0,1995
0,0,0,0,2,0,1,0,0,0,1,0,0,0,0,0,0,0,0,0,0,0,0,0,0,1995
0,0,0,0,2,0,1,0,0,0,1,0,0,0,0,0,0,0,0,0,0,0,0,0,0,1995
0,0,0,0,2,0,1,0,0,0,1,0,0,0,0,0,0,0,0,0,0,0,0,0,0,1995
0,0,0,0,2,0,1,0,0,0,1,0,0,0,0,0,0,0,0,0,0,0,0,0,0,1995
0,0,0,0,2,0,1,0,0,0,1,0,0,0,0,0,0,0,0,0,0,0,0,0,0,1995
0,0,0,0,2,0,1,0,0,0,1,0,0,1,0,0,0,0,0,0,1,0,0,0,1,1995
0,0,0,0,2,0,1,0,0,0,1,0,0,0,0,0,0,0,0,0,0,0,0,0,1,1995
0,0,0,0,2,0,1,0,0,0,1,0,0,0,0,0,0,0,0,0,0,0,0,0,0,1995
0,0,0,0,2,0,1,0,0,0,1,1,0,0,0,0,0,0,0,0,0,0,0,0,0,1997
0,0,0,0,2,0,1,0,0,0,1,0,0,0,0,0,0,0,0,0,0,0,0,0,0,1997
0,0,0,0,2,0,1,0,0,0,1,0,0,0,0,0,0,0,0,0,0,0,0,0,0,1997
0,0,0,0,2,0,1,0,0,0,1,0,0,1,0,0,0,0,0,0,0,0,0,0,0,1997
0,0,0,0,2,0,1,0,0,0,1,0,0,0,0,0,0,0,0,0,0,0,0,0,0,1997
0,0,0,0,2,0,1,0,0,0,1,0,0,0,0,0,0,0,0,0,0,0,0,0,0,1998
0,0,0,0,0,0,0,0,0,0,0,0,0,0,0,0,0,0,0,0,0,0,0,0,0,1998
0,0,0,0,2,0,1,0,1,0,2,0,0,0,0,0,0,0,0,0,0,0,0,0,1,1998
0,0,0,0,2,0,1,0,1,2,2,0,0,0,0,0,0,0,0,0,0,0,0,0,0,1998
0,0,0,0,2,0,1,0,1,0,2,0,0,0,0,0,0,0,0,0,0,0,0,0,0,1998
0,0,0,0,2,0,1,0,1,0,2,0,0,0,0,0,0,0,0,0,0,0,0,0,0,1998
0,0,0,0,2,0,1,0,1,0,2,0,0,0,0,0,0,0,0,0,0,0,0,0,0,1998
0,0,0,0,2,0,1,0,1,0,2,0,0,0,0,0,0,0,0,0,0,0,0,0,0,1998
0,0,0,0,2,0,1,0,0,0,1,0,0,0,0,0,0,0,0,0,0,1,0,0,0,1998
0,0,0,0,1,0,0,0,0,0,0,0,0,0,0,0,0,0,0,0,0,0,0,0,0,1998
0,0,0,0,1,0,0,0,0,0,0,0,0,0,0,0,0,0,0,0,0,0,0,0,0,1998
0,0,0,0,2,0,1,0,0,2,1,0,0,0,0,0,0,0,0,0,0,0,0,0,0,1998
0,0,0,0,2,0,1,0,0,2,1,0,0,0,0,0,0,1,0,0,1,0,0,0,0,1998
0,0,0,0,2,0,1,0,0,2,1,0,0,0,0,0,0,1,0,0,1,0,0,0,0,1998
0,0,0,0,2,0,1,0,0,2,1,0,0,0,0,0,0,0,0,0,0,0,0,0,0,1999
0,0,0,0,0,0,0,0,0,0,0,0,0,0,0,0,0,0,0,0,0,0,0,0,0,1999
0,0,0,0,2,0,1,0,0,2,1,0,0,1,0,0,0,0,0,0,0,0,0,0,1,1999
0,0,0,0,2,0,1,0,0,2,1,0,0,0,0,0,0,1,0,0,1,0,0,0,0,1999
0,0,0,0,0,0,0,0,0,0,0,0,0,0,0,0,0,0,0,0,0,0,0,0,0,1999
0,0,0,0,2,0,1,0,0,0,1,0,0,0,0,0,0,0,0,0,1,1,0,0,1,1999
0,0,0,0,2,0,1,0,0,2,1,0,0,0,0,0,0,0,0,0,1,0,0,0,0,1999
0,0,0,0,2,0,1,0,0,0,1,1,0,0,0,0,0,0,0,0,0,0,0,0,0,1999
0,0,0,0,0,0,0,0,0,0,0,0,0,0,0,0,0,0,0,0,0,0,0,0,0,1999
0,0,0,0,2,0,1,0,0,0,1,0,1,1,0,0,0,0,0,0,0,0,0,0,0,2000
0,0,0,0,2,0,1,0,0,0,1,1,0,1,0,0,0,0,0,0,0,1,0,0,1,2000
0,0,0,0,2,0,1,0,0,0,1,0,0,0,0,0,0,0,0,0,0,0,0,0,0,2000
0,0,0,0,2,0,1,0,0,0,1,0,0,0,0,0,0,0,0,0,0,0,0,0,0,2000
0,0,0,0,2,0,1,0,0,0,1,0,0,0,0,0,0,0,0,0,0,0,0,0,0,2000
0,0,0,0,2,0,1,0,0,0,1,0,0,1,0,0,0,0,0,0,0,0,0,0,0,2000
0,0,0,0,2,0,1,0,0,0,1,0,0,0,0,0,0,0,0,0,0,0,0,0,0,2000
0,0,0,0,2,0,1,0,0,2,1,0,0,0,0,0,0,0,0,0,0,0,0,0,0,2001
0,0,0,0,2,0,1,0,0,2,1,0,0,0,0,0,0,0,0,0,0,0,0,0,0,2001
0,0,0,0,2,0,1,0,0,2,1,0,0,0,0,0,0,0,0,0,0,0,0,0,0,2001
0,0,0,0,2,0,1,0,0,2,1,0,0,0,0,0,0,0,0,0,0,0,0,0,0,2001
0,0,0,0,2,0,1,1,1,0,2,0,0,1,0,0,0,1,0,1,1,0,1,0,0,2001
0,0,0,0,2,0,1,1,1,0,2,1,0,1,0,0,0,1,0,1,1,0,1,0,0,2001
0,0,0,0,2,0,1,0,0,0,1,0,0,0,0,0,0,0,0,0,1,0,0,0,1,2001
0,0,0,0,2,0,1,0,0,0,1,0,0,0,0,0,0,0,0,0,0,0,0,0,0,2001
0,0,0,0,2,0,1,1,0,0,1,0,0,0,0,0,0,1,0,0,1,0,1,0,0,2001
0,0,0,0,2,0,1,0,0,0,1,1,0,1,0,0,0,1,0,1,1,0,0,0,0,2001
0,0,0,0,2,0,1,0,0,0,1,0,0,0,0,0,0,0,0,0,1,0,0,0,0,2002
0,0,0,0,3,0,1,1,0,0,1,0,0,0,0,2,1,1,1,1,1,0,1,0,0,2002
0,0,0,0,3,0,1,1,0,0,1,0,0,0,0,2,1,1,1,1,1,0,1,0,0,2002
0,0,0,0,0,0,0,0,0,0,0,0,0,0,0,0,0,0,0,0,0,0,0,0,1,2002
0,0,0,0,2,0,1,0,0,2,1,0,0,0,0,0,0,0,0,0,1,0,0,0,0,2002
0,0,0,0,2,0,1,0,0,0,1,0,0,1,0,0,0,0,0,0,0,1,0,0,1,2002
0,0,0,0,1,0,0,1,0,0,0,0,0,0,0,0,0,1,0,0,1,0,1,0,0,2002
0,0,0,0,2,0,1,0,1,0,2,0,0,0,0,0,0,0,0,0,0,0,0,0,0,2002
0,0,0,0,2,0,1,0,1,0,2,0,0,0,0,0,0,0,0,0,0,0,0,0,0,2002
0,0,0,0,2,0,1,0,1,0,2,0,0,0,0,0,0,0,0,0,0,0,0,0,0,2002
0,0,0,0,2,0,1,0,0,0,1,0,0,0,0,0,0,1,0,0,1,0,0,0,0,2003
0,0,0,0,2,0,1,1,0,0,1,0,0,0,0,0,0,1,0,0,1,0,1,0,0,2003
0,0,0,0,2,0,1,1,0,0,1,1,0,0,0,0,0,0,0,0,0,0,0,0,0,2003
0,0,0,0,2,0,1,0,1,0,2,0,0,0,0,0,0,0,0,0,0,0,0,0,0,2003
0,0,0,0,2,0,1,0,1,0,2,0,0,0,0,0,0,0,0,0,0,0,0,0,0,2003
0,0,0,0,2,0,1,0,1,0,2,0,0,0,0,0,0,0,0,0,0,0,0,0,0,2003
0,0,0,0,2,0,1,0,1,0,2,0,0,0,0,0,0,0,0,0,0,0,0,0,0,2003
0,0,0,0,2,0,1,0,1,0,2,0,0,0,0,0,0,0,0,0,0,0,0,0,0,2003
0,0,0,0,2,0,1,0,1,0,2,0,0,0,0,0,0,0,0,0,0,0,0,0,0,2003
0,0,0,0,2,0,1,0,1,0,2,0,0,0,0,0,0,0,0,0,0,0,0,0,0,2003
0,0,0,0,2,0,1,0,1,0,2,0,0,0,0,0,0,0,0,0,0,0,0,0,0,2003
0,0,0,0,2,0,1,0,0,0,1,1,0,1,0,0,0,1,0,1,1,0,0,0,1,2003
0,0,0,0,2,0,1,0,1,1,2,1,0,1,0,0,0,0,0,0,0,0,0,0,1,2003
0,0,0,0,1,0,0,0,1,1,1,1,0,1,0,0,0,0,0,0,0,0,0,0,1,2003
0,0,0,0,2,0,1,0,0,2,1,1,0,0,0,0,0,0,0,0,0,0,0,0,0,2003
0,0,0,0,2,0,1,0,0,0,1,1,0,0,0,0,0,0,0,0,0,0,0,0,0,2003
0,0,0,0,2,0,1,0,0,0,1,0,0,0,0,0,0,0,0,0,0,0,0,0,0,2004
0,0,0,0,2,0,1,0,0,0,1,1,1,1,0,0,0,0,0,0,0,0,0,0,0,2004
0,0,0,0,2,0,1,0,0,0,1,1,1,1,0,0,0,0,0,0,0,0,0,0,0,2005
0,0,0,0,2,1,1,0,1,0,2,0,1,1,0,0,0,1,0,0,1,0,0,0,1,2007
0,0,0,0,2,1,1,0,1,0,2,0,1,1,0,0,0,0,0,0,1,1,0,0,1,2007
0,0,0,0,2,1,1,0,1,1,2,0,1,1,0,0,0,0,0,0,1,1,0,0,1,2007
0,0,0,0,0,1,0,0,0,0,0,0,1,1,0,0,0,0,0,0,0,0,0,0,1,2007
0,0,0,0,0,1,0,0,0,0,0,0,1,1,0,0,0,0,0,0,0,0,0,0,1,2007
0,0,0,0,0,1,0,0,0,0,0,0,1,1,0,0,0,0,0,0,0,0,0,0,1,2007
0,0,0,0,2,0,1,0,0,0,1,0,1,1,0,0,0,0,0,0,0,0,0,0,1,2007
0,0,0,0,2,0,1,0,0,2,1,0,0,0,0,0,0,0,0,0,0,0,0,0,0,2007
0,0,0,0,2,0,1,0,0,0,1,0,1,0,0,0,0,0,0,0,0,0,0,0,0,2007
0,0,0,0,2,0,1,0,0,0,1,0,0,0,0,0,0,0,0,0,0,0,0,0,0,2008
0,0,0,0,2,0,1,0,1,0,2,0,0,0,0,0,0,0,0,0,0,0,0,0,0,2008
0,0,0,0,2,0,1,0,1,0,2,0,0,0,0,0,0,0,0,0,0,0,0,0,0,2008
0,0,0,0,2,0,1,0,1,0,2,0,0,0,0,0,0,0,0,0,0,0,0,0,0,2008
0,0,0,0,2,0,1,0,0,0,1,1,0,0,0,0,0,0,0,0,0,0,0,0,0,2008
0,0,0,0,0,0,0,0,0,0,0,0,0,0,0,0,0,0,0,0,0,0,0,0,0,2008
0,0,0,0,1,0,0,0,0,0,0,1,1,1,0,0,0,1,0,0,1,0,0,0,0,2008
0,0,0,0,2,0,1,0,0,0,1,1,0,0,0,0,0,0,0,0,0,0,0,0,0,2008
0,0,0,0,2,0,1,1,0,0,1,0,1,1,0,0,0,0,0,0,0,0,0,0,1,2009
0,0,0,0,0,0,0,0,0,0,0,0,1,1,0,0,0,0,0,0,0,0,0,0,0,2009
0,0,0,0,2,0,1,0,0,0,1,0,1,1,0,0,0,0,0,0,0,1,0,0,0,2009
0,0,0,0,2,0,1,0,0,0,1,0,1,1,0,0,0,0,0,0,0,1,0,0,0,2009
0,0,0,0,2,0,1,0,0,0,1,1,0,0,0,0,0,0,0,0,0,0,0,0,0,2009
0,0,0,0,2,0,1,0,0,0,1,1,0,0,0,0,0,0,0,0,0,0,0,0,0,2009
0,0,0,0,1,0,0,0,0,0,0,1,1,1,0,0,0,0,0,0,0,0,0,0,0,2009
0,0,0,0,2,1,1,0,0,0,1,0,1,1,0,0,0,0,0,0,0,0,0,0,1,2009
0,0,0,0,2,0,1,0,0,0,1,0,0,0,0,0,0,0,0,0,0,0,0,0,0,2010
0,0,0,0,2,0,1,0,0,0,1,1,1,1,0,0,0,0,0,0,0,0,0,0,0,2010
0,0,0,0,2,0,1,0,0,0,1,0,1,1,0,0,0,0,0,0,0,0,0,0,0,2010
0,0,0,0,2,0,1,0,0,0,1,0,1,1,0,0,0,0,0,0,0,0,0,0,0,2010
0,0,0,0,2,0,1,0,0,0,1,0,1,1,0,0,0,0,0,0,0,0,0,0,0,2010
1,1,1,1,1,0,0,1,0,1,1,0,1,1,1,0,0,1,0,1,1,0,1,0,0,2006
1,1,1,1,0,1,0,0,0,1,1,0,1,1,1,0,0,1,0,1,1,0,0,0,1,2007
1,1,1,1,1,0,0,0,0,0,1,1,1,1,1,0,0,1,0,1,1,1,0,1,1,2007
1,1,1,1,1,0,0,0,0,0,1,1,1,1,1,0,0,1,0,1,1,1,0,1,1,2007
1,1,1,1,0,1,0,0,0,0,1,1,1,1,1,0,0,1,0,1,1,1,0,1,1,2007
2,2,2,2,3,0,1,0,1,0,3,1,1,1,1,2,1,0,1,0,1,1,0,1,1,2013
1,2,1,1,2,0,1,0,0,1,2,0,1,1,1,1,1,1,0,1,1,0,0,0,0,2015
1,2,1,1,2,0,1,0,0,0,2,1,1,1,1,1,1,1,0,1,1,1,0,1,0,2016
2,2,2,2,3,0,1,0,0,0,2,1,1,1,1,2,1,0,1,0,1,1,0,1,1,2017
2,2,2,2,3,0,1,0,0,2,2,1,0,0,0,2,1,1,1,1,0,0,0,1,1,2018
1,1,1,1,3,0,1,0,0,0,2,1,1,1,1,2,1,0,1,0,1,1,0,1,1,2018
0,0,0,0,1,0,0,0,0,1,0,0,1,1,0,0,0,1,0,0,1,0,0,0,1,2021
0,0,0,0,0,1,0,1,1,1,1,0,1,1,0,0,0,1,0,0,1,0,1,0,1,2021
